model,Q_norm,L_score,E_score,R_score,T_score
Qwen2.5,1.0,0.8760975609756098,0.7814814814814814,0.8863636363636364,0.8358208955223878
Llama3.2,0.5833333333333339,1.0,1.0,0.4772727272727273,0.4925373134328357
SmolLM2,0.0,0.0,0.0,0.0,0.0
Granite3,0.7499999999999998,0.15219512195121943,0.5875,1.0,1.0
