model,QEE,QLE,QRE
Qwen2.5,0.009297297297196786,0.0464864864839737,0.005905061855384707
Llama3.2,0.009227614490667264,0.050751879696068175,0.005792105558218685
SmolLM2,0.006765405009994831,0.02029621502961338,0.003683424298462938
Granite3,0.008584134863909564,0.024895020995054137,0.004726173179777038
