model,utility_balanced,utility_latency_critical,utility_energy_critical,utility_quality_critical,utility_memory_critical,utility_thermal_critical
Qwen2.5,0.18984348827432185,0.02547562262596842,-0.002909201222270074,0.48178123548309204,0.03379955298648414,0.01339262299000181
Llama3.2,0.020471506105834633,-0.040892130257801834,-0.040892130257801834,0.21781433740388995,-0.2238466757123473,-0.19313093622795113
SmolLM2,-0.7000000000000001,-0.85,-0.85,-0.44999999999999996,-0.85,-0.8500000000000001
Granite3,-0.02706097560975622,-0.3308871951219513,-0.2002957317073171,0.24407926829268284,-0.055920731707317116,-0.0765457317073171
