model,utility_balanced,utility_balanced_risk,risk_proxy
Qwen2.5,0.18984348827432185,0.18950364562975283,0.0022656176304601348
Llama3.2,0.020471506105834633,0.007199539013180226,0.08847978061769605
Granite3,-0.02706097560975622,-0.05165283885150221,0.16394575494497324
SmolLM2,-0.7000000000000001,-0.7000000000000001,0.0
